"Status","Start Time","Stop Time","Duration in ms","Parent Suite","Suite","Sub Suite","Test Class","Test Method","Name","Description"
"passed","Wed Oct 15 23:12:05 GMT 2025","Wed Oct 15 23:12:05 GMT 2025","2","","com.anastasia.Anastasia_BackEnd.UnitTests.service.registration.TenantServiceUnitTest","","com.anastasia.Anastasia_BackEnd.UnitTests.service.registration.TenantServiceUnitTest","subscribeTenant_shouldThrowWhenRoleNotFound","subscribeTenant_shouldThrowWhenRoleNotFound()",""
"passed","Wed Oct 15 23:12:05 GMT 2025","Wed Oct 15 23:12:05 GMT 2025","2","","com.anastasia.Anastasia_BackEnd.UnitTests.service.GroupServiceUnitTest","","com.anastasia.Anastasia_BackEnd.UnitTests.service.GroupServiceUnitTest","testUpdateGroup_groupNotFound_throwsException","testUpdateGroup_groupNotFound_throwsException()",""
"passed","Wed Oct 15 23:11:48 GMT 2025","Wed Oct 15 23:11:49 GMT 2025","482","","com.anastasia.Anastasia_BackEnd.api.tests.AuthTests","","com.anastasia.Anastasia_BackEnd.api.tests.AuthTests","shouldLoginSuccessfully","shouldLoginSuccessfully()",""
"passed","Wed Oct 15 23:12:05 GMT 2025","Wed Oct 15 23:12:05 GMT 2025","5","","com.anastasia.Anastasia_BackEnd.UnitTests.service.registration.PriestServiceUnitTest","","com.anastasia.Anastasia_BackEnd.UnitTests.service.registration.PriestServiceUnitTest","testUpdatePriestDetails_updatesAndSaves","testUpdatePriestDetails_updatesAndSaves()",""
"passed","Wed Oct 15 23:12:05 GMT 2025","Wed Oct 15 23:12:05 GMT 2025","11","","com.anastasia.Anastasia_BackEnd.UnitTests.service.registration.MemberServiceUnitTest","","com.anastasia.Anastasia_BackEnd.UnitTests.service.registration.MemberServiceUnitTest","testFindAllBySpecification","testFindAllBySpecification()",""
"passed","Wed Oct 15 23:12:05 GMT 2025","Wed Oct 15 23:12:05 GMT 2025","17","","com.anastasia.Anastasia_BackEnd.UnitTests.service.registration.ChurchServiceUnitTest","","com.anastasia.Anastasia_BackEnd.UnitTests.service.registration.ChurchServiceUnitTest","testFindOne_whenNotExists","testFindOne_whenNotExists()",""
"passed","Wed Oct 15 23:12:05 GMT 2025","Wed Oct 15 23:12:05 GMT 2025","2","","com.anastasia.Anastasia_BackEnd.UnitTests.service.GroupServiceUnitTest","","com.anastasia.Anastasia_BackEnd.UnitTests.service.GroupServiceUnitTest","testFindOneGroup_success","testFindOneGroup_success()",""
"passed","Wed Oct 15 23:12:06 GMT 2025","Wed Oct 15 23:12:06 GMT 2025","20","","com.anastasia.Anastasia_BackEnd.UnitTests.repository.UserRepositoryUnitTest","","com.anastasia.Anastasia_BackEnd.UnitTests.repository.UserRepositoryUnitTest","testFindAllUsersByChurchIdOptimized","testFindAllUsersByChurchIdOptimized()",""
"passed","Wed Oct 15 23:12:05 GMT 2025","Wed Oct 15 23:12:05 GMT 2025","1","","com.anastasia.Anastasia_BackEnd.UnitTests.service.auth.UserServiceUnitTest","","com.anastasia.Anastasia_BackEnd.UnitTests.service.auth.UserServiceUnitTest","testConvertToDTO","testConvertToDTO()",""
"passed","Wed Oct 15 23:12:04 GMT 2025","Wed Oct 15 23:12:04 GMT 2025","1","","com.anastasia.Anastasia_BackEnd.UnitTests.mappers.ChildMapperUnitTest","","com.anastasia.Anastasia_BackEnd.UnitTests.mappers.ChildMapperUnitTest","testConvertToEntity_withNullDTO_shouldReturnNull","testConvertToEntity_withNullDTO_shouldReturnNull()",""
"passed","Wed Oct 15 23:12:04 GMT 2025","Wed Oct 15 23:12:04 GMT 2025","2","","com.anastasia.Anastasia_BackEnd.UnitTests.specification.MemberSpecificationTest","","com.anastasia.Anastasia_BackEnd.UnitTests.specification.MemberSpecificationTest","testHasMembershipNumber","testHasMembershipNumber()",""
"passed","Wed Oct 15 23:12:04 GMT 2025","Wed Oct 15 23:12:04 GMT 2025","3","","com.anastasia.Anastasia_BackEnd.UnitTests.service.auth.AuthServiceUnitTest","","com.anastasia.Anastasia_BackEnd.UnitTests.service.auth.AuthServiceUnitTest","testFindUserByEmail_ShouldReturnEmpty","testFindUserByEmail_ShouldReturnEmpty()",""
"passed","Wed Oct 15 23:12:06 GMT 2025","Wed Oct 15 23:12:06 GMT 2025","121","","com.anastasia.Anastasia_BackEnd.util.JwtUtilTest","","com.anastasia.Anastasia_BackEnd.util.JwtUtilTest","testExtractSpecificClaims","testExtractSpecificClaims()",""
"passed","Wed Oct 15 23:12:04 GMT 2025","Wed Oct 15 23:12:04 GMT 2025","19","","com.anastasia.Anastasia_BackEnd.UnitTests.service.auth.UserServiceUnitTest","","com.anastasia.Anastasia_BackEnd.UnitTests.service.auth.UserServiceUnitTest","testAssignRolesToUser_throwsIfTenantNotInContext","testAssignRolesToUser_throwsIfTenantNotInContext()",""
"passed","Wed Oct 15 23:12:06 GMT 2025","Wed Oct 15 23:12:06 GMT 2025","16","","com.anastasia.Anastasia_BackEnd.UnitTests.repository.UserRepositoryUnitTest","","com.anastasia.Anastasia_BackEnd.UnitTests.repository.UserRepositoryUnitTest","testFindSimpleUsersByChurchId","testFindSimpleUsersByChurchId()",""
"passed","Wed Oct 15 23:12:06 GMT 2025","Wed Oct 15 23:12:06 GMT 2025","2","","com.anastasia.Anastasia_BackEnd.util.JwtUtilTest","","com.anastasia.Anastasia_BackEnd.util.JwtUtilTest","testExtractClaims","testExtractClaims()",""
"passed","Wed Oct 15 23:11:49 GMT 2025","Wed Oct 15 23:11:49 GMT 2025","501","","com.anastasia.Anastasia_BackEnd.api.tests.AuthTests","","com.anastasia.Anastasia_BackEnd.api.tests.AuthTests","shouldFailLoginWithInvalidCredentials","shouldFailLoginWithInvalidCredentials()","Verifies login fails with invalid credentials."
"passed","Wed Oct 15 23:12:05 GMT 2025","Wed Oct 15 23:12:05 GMT 2025","6","","com.anastasia.Anastasia_BackEnd.UnitTests.service.GroupServiceUnitTest","","com.anastasia.Anastasia_BackEnd.UnitTests.service.GroupServiceUnitTest","testGetGroupUserStatus_success","testGetGroupUserStatus_success()",""
"passed","Wed Oct 15 23:12:04 GMT 2025","Wed Oct 15 23:12:04 GMT 2025","4","","com.anastasia.Anastasia_BackEnd.UnitTests.service.auth.RoleServiceTest","","com.anastasia.Anastasia_BackEnd.UnitTests.service.auth.RoleServiceTest","testCreateRole_throwsIfTenantNotFound","testCreateRole_throwsIfTenantNotFound()",""
"passed","Wed Oct 15 23:12:05 GMT 2025","Wed Oct 15 23:12:05 GMT 2025","12","","com.anastasia.Anastasia_BackEnd.UnitTests.service.GroupServiceUnitTest","","com.anastasia.Anastasia_BackEnd.UnitTests.service.GroupServiceUnitTest","testAddUsersToGroup_success","testAddUsersToGroup_success()",""
"passed","Wed Oct 15 23:12:05 GMT 2025","Wed Oct 15 23:12:05 GMT 2025","7","","com.anastasia.Anastasia_BackEnd.UnitTests.service.GroupServiceUnitTest","","com.anastasia.Anastasia_BackEnd.UnitTests.service.GroupServiceUnitTest","testRemoveMembersFromGroup_success","testRemoveMembersFromGroup_success()",""
"passed","Wed Oct 15 23:12:06 GMT 2025","Wed Oct 15 23:12:06 GMT 2025","50","","com.anastasia.Anastasia_BackEnd.UnitTests.repository.UserRepositoryUnitTest","","com.anastasia.Anastasia_BackEnd.UnitTests.repository.UserRepositoryUnitTest","testFindByGoogleId","testFindByGoogleId()",""
"passed","Wed Oct 15 23:12:06 GMT 2025","Wed Oct 15 23:12:06 GMT 2025","22","","com.anastasia.Anastasia_BackEnd.UnitTests.repository.UserRepositoryUnitTest","","com.anastasia.Anastasia_BackEnd.UnitTests.repository.UserRepositoryUnitTest","testFindByEmail","testFindByEmail()",""
"passed","Wed Oct 15 23:12:04 GMT 2025","Wed Oct 15 23:12:04 GMT 2025","3","","com.anastasia.Anastasia_BackEnd.UnitTests.service.auth.AuthServiceUnitTest","","com.anastasia.Anastasia_BackEnd.UnitTests.service.auth.AuthServiceUnitTest","testCreateUser_ShouldThrowIfEmailExists","testCreateUser_ShouldThrowIfEmailExists()",""
"passed","Wed Oct 15 23:12:05 GMT 2025","Wed Oct 15 23:12:05 GMT 2025","3","","com.anastasia.Anastasia_BackEnd.UnitTests.service.registration.ChildServiceUnitTest","","com.anastasia.Anastasia_BackEnd.UnitTests.service.registration.ChildServiceUnitTest","testRegisterChild_throwsIfUserNotFound","testRegisterChild_throwsIfUserNotFound()",""
"passed","Wed Oct 15 23:12:05 GMT 2025","Wed Oct 15 23:12:05 GMT 2025","6","","com.anastasia.Anastasia_BackEnd.UnitTests.service.registration.MemberServiceUnitTest","","com.anastasia.Anastasia_BackEnd.UnitTests.service.registration.MemberServiceUnitTest","registerMember_shouldRegisterSuccessfully","registerMember_shouldRegisterSuccessfully()",""
"passed","Wed Oct 15 23:12:04 GMT 2025","Wed Oct 15 23:12:04 GMT 2025","2","","com.anastasia.Anastasia_BackEnd.UnitTests.service.auth.AuthServiceUnitTest","","com.anastasia.Anastasia_BackEnd.UnitTests.service.auth.AuthServiceUnitTest","testRevokeAllValidUserTokens_ShouldSkipIfEmpty","testRevokeAllValidUserTokens_ShouldSkipIfEmpty()",""
"passed","Wed Oct 15 23:12:06 GMT 2025","Wed Oct 15 23:12:06 GMT 2025","19","","com.anastasia.Anastasia_BackEnd.UnitTests.repository.UserRepositoryUnitTest","","com.anastasia.Anastasia_BackEnd.UnitTests.repository.UserRepositoryUnitTest","testFindAllByChurchId","testFindAllByChurchId()",""
"passed","Wed Oct 15 23:12:05 GMT 2025","Wed Oct 15 23:12:05 GMT 2025","2","","com.anastasia.Anastasia_BackEnd.UnitTests.service.registration.ChurchServiceUnitTest","","com.anastasia.Anastasia_BackEnd.UnitTests.service.registration.ChurchServiceUnitTest","testGetChurches","testGetChurches()",""
"passed","Wed Oct 15 23:12:05 GMT 2025","Wed Oct 15 23:12:05 GMT 2025","6","","com.anastasia.Anastasia_BackEnd.UnitTests.service.registration.ChildServiceUnitTest","","com.anastasia.Anastasia_BackEnd.UnitTests.service.registration.ChildServiceUnitTest","updateChildDetails_shouldUpdateOnlyNonNullFields","updateChildDetails_shouldUpdateOnlyNonNullFields()",""
"passed","Wed Oct 15 23:12:05 GMT 2025","Wed Oct 15 23:12:05 GMT 2025","2","","com.anastasia.Anastasia_BackEnd.UnitTests.service.registration.ChurchServiceUnitTest","","com.anastasia.Anastasia_BackEnd.UnitTests.service.registration.ChurchServiceUnitTest","testFindOne_whenExists","testFindOne_whenExists()",""
"passed","Wed Oct 15 23:12:05 GMT 2025","Wed Oct 15 23:12:05 GMT 2025","2","","com.anastasia.Anastasia_BackEnd.UnitTests.service.registration.ChurchServiceUnitTest","","com.anastasia.Anastasia_BackEnd.UnitTests.service.registration.ChurchServiceUnitTest","testFindAllChurches","testFindAllChurches()",""
"passed","Wed Oct 15 23:12:05 GMT 2025","Wed Oct 15 23:12:05 GMT 2025","2","","com.anastasia.Anastasia_BackEnd.UnitTests.service.GroupServiceUnitTest","","com.anastasia.Anastasia_BackEnd.UnitTests.service.GroupServiceUnitTest","testCreateGroup_duplicateGroupName_throwsException","testCreateGroup_duplicateGroupName_throwsException()",""
"passed","Wed Oct 15 23:12:04 GMT 2025","Wed Oct 15 23:12:04 GMT 2025","2","","com.anastasia.Anastasia_BackEnd.UnitTests.service.auth.UserServiceUnitTest","","com.anastasia.Anastasia_BackEnd.UnitTests.service.auth.UserServiceUnitTest","testFindOne_found","testFindOne_found()",""
"passed","Wed Oct 15 23:12:05 GMT 2025","Wed Oct 15 23:12:05 GMT 2025","2","","com.anastasia.Anastasia_BackEnd.UnitTests.service.registration.MemberServiceUnitTest","","com.anastasia.Anastasia_BackEnd.UnitTests.service.registration.MemberServiceUnitTest","testConvertToDTO","testConvertToDTO()",""
"passed","Wed Oct 15 23:12:06 GMT 2025","Wed Oct 15 23:12:06 GMT 2025","13","","com.anastasia.Anastasia_BackEnd.UnitTests.repository.UserRepositoryUnitTest","","com.anastasia.Anastasia_BackEnd.UnitTests.repository.UserRepositoryUnitTest","testExistsByEmail","testExistsByEmail()",""
"passed","Wed Oct 15 23:12:05 GMT 2025","Wed Oct 15 23:12:05 GMT 2025","6","","com.anastasia.Anastasia_BackEnd.UnitTests.service.GroupServiceUnitTest","","com.anastasia.Anastasia_BackEnd.UnitTests.service.GroupServiceUnitTest","testCreateGroup_success","testCreateGroup_success()",""
"passed","Wed Oct 15 23:12:05 GMT 2025","Wed Oct 15 23:12:05 GMT 2025","2","","com.anastasia.Anastasia_BackEnd.UnitTests.service.GroupServiceUnitTest","","com.anastasia.Anastasia_BackEnd.UnitTests.service.GroupServiceUnitTest","testGetGroupManagers_groupNotFound_throwsException","testGetGroupManagers_groupNotFound_throwsException()",""
"passed","Wed Oct 15 23:12:05 GMT 2025","Wed Oct 15 23:12:05 GMT 2025","1","","com.anastasia.Anastasia_BackEnd.UnitTests.service.registration.TenantServiceUnitTest","","com.anastasia.Anastasia_BackEnd.UnitTests.service.registration.TenantServiceUnitTest","getTenants_shouldReturnList","getTenants_shouldReturnList()",""
"passed","Wed Oct 15 23:12:05 GMT 2025","Wed Oct 15 23:12:05 GMT 2025","66","","com.anastasia.Anastasia_BackEnd.UnitTests.service.GroupServiceUnitTest","","com.anastasia.Anastasia_BackEnd.UnitTests.service.GroupServiceUnitTest","testGetGroupUserStatus_groupNotFound_throwsException","testGetGroupUserStatus_groupNotFound_throwsException()",""
"passed","Wed Oct 15 23:12:04 GMT 2025","Wed Oct 15 23:12:04 GMT 2025","2","","com.anastasia.Anastasia_BackEnd.UnitTests.service.auth.UserServiceUnitTest","","com.anastasia.Anastasia_BackEnd.UnitTests.service.auth.UserServiceUnitTest","testFindAll","testFindAll()",""
"passed","Wed Oct 15 23:12:04 GMT 2025","Wed Oct 15 23:12:04 GMT 2025","20","","com.anastasia.Anastasia_BackEnd.UnitTests.mappers.ChildMapperUnitTest","","com.anastasia.Anastasia_BackEnd.UnitTests.mappers.ChildMapperUnitTest","testConvertToDTO_shouldMapCorrectly","testConvertToDTO_shouldMapCorrectly()",""
"passed","Wed Oct 15 23:12:05 GMT 2025","Wed Oct 15 23:12:05 GMT 2025","4","","com.anastasia.Anastasia_BackEnd.UnitTests.service.GroupServiceUnitTest","","com.anastasia.Anastasia_BackEnd.UnitTests.service.GroupServiceUnitTest","testListGroupMembers_success","testListGroupMembers_success()",""
"passed","Wed Oct 15 23:12:05 GMT 2025","Wed Oct 15 23:12:05 GMT 2025","2","","com.anastasia.Anastasia_BackEnd.UnitTests.service.registration.TenantServiceUnitTest","","com.anastasia.Anastasia_BackEnd.UnitTests.service.registration.TenantServiceUnitTest","unsubscribeTenant_shouldThrowIfNotFound","unsubscribeTenant_shouldThrowIfNotFound()",""
"passed","Wed Oct 15 23:12:05 GMT 2025","Wed Oct 15 23:12:05 GMT 2025","42","","com.anastasia.Anastasia_BackEnd.UnitTests.service.registration.MemberServiceUnitTest","","com.anastasia.Anastasia_BackEnd.UnitTests.service.registration.MemberServiceUnitTest","testApproveByChurch","testApproveByChurch()",""
"passed","Wed Oct 15 23:12:04 GMT 2025","Wed Oct 15 23:12:04 GMT 2025","2","","com.anastasia.Anastasia_BackEnd.UnitTests.service.auth.AuthServiceUnitTest","","com.anastasia.Anastasia_BackEnd.UnitTests.service.auth.AuthServiceUnitTest","testSaveUserToken_ShouldCallRepo","testSaveUserToken_ShouldCallRepo()",""
"passed","Wed Oct 15 23:12:04 GMT 2025","Wed Oct 15 23:12:04 GMT 2025","4","","com.anastasia.Anastasia_BackEnd.UnitTests.service.auth.UserServiceUnitTest","","com.anastasia.Anastasia_BackEnd.UnitTests.service.auth.UserServiceUnitTest","testAssignRolesToUser_success","testAssignRolesToUser_success()",""
"passed","Wed Oct 15 23:12:05 GMT 2025","Wed Oct 15 23:12:05 GMT 2025","2","","com.anastasia.Anastasia_BackEnd.UnitTests.service.registration.TenantServiceUnitTest","","com.anastasia.Anastasia_BackEnd.UnitTests.service.registration.TenantServiceUnitTest","findAll_shouldReturnPageOfTenants","findAll_shouldReturnPageOfTenants()",""
"passed","Wed Oct 15 23:12:05 GMT 2025","Wed Oct 15 23:12:05 GMT 2025","2","","com.anastasia.Anastasia_BackEnd.UnitTests.service.registration.PriestServiceUnitTest","","com.anastasia.Anastasia_BackEnd.UnitTests.service.registration.PriestServiceUnitTest","testRegisterPriest_throwsIfNeitherTenantNorChurchProvided","testRegisterPriest_throwsIfNeitherTenantNorChurchProvided()",""
"passed","Wed Oct 15 23:12:05 GMT 2025","Wed Oct 15 23:12:05 GMT 2025","4","","com.anastasia.Anastasia_BackEnd.UnitTests.service.registration.ChildServiceUnitTest","","com.anastasia.Anastasia_BackEnd.UnitTests.service.registration.ChildServiceUnitTest","testRegisterChild_Success","testRegisterChild_Success()",""
"passed","Wed Oct 15 23:12:05 GMT 2025","Wed Oct 15 23:12:05 GMT 2025","2","","com.anastasia.Anastasia_BackEnd.UnitTests.service.registration.ChildServiceUnitTest","","com.anastasia.Anastasia_BackEnd.UnitTests.service.registration.ChildServiceUnitTest","testFindAll","testFindAll()",""
"passed","Wed Oct 15 23:12:04 GMT 2025","Wed Oct 15 23:12:04 GMT 2025","3","","com.anastasia.Anastasia_BackEnd.UnitTests.service.auth.AuthServiceUnitTest","","com.anastasia.Anastasia_BackEnd.UnitTests.service.auth.AuthServiceUnitTest","testResendActivationEmail_ShouldThrowIfAlreadyVerified","testResendActivationEmail_ShouldThrowIfAlreadyVerified()",""
"passed","Wed Oct 15 23:12:06 GMT 2025","Wed Oct 15 23:12:06 GMT 2025","4","","com.anastasia.Anastasia_BackEnd.util.JwtUtilTest","","com.anastasia.Anastasia_BackEnd.util.JwtUtilTest","testGenerateAndValidateRefreshToken","testGenerateAndValidateRefreshToken()",""
"passed","Wed Oct 15 23:12:05 GMT 2025","Wed Oct 15 23:12:05 GMT 2025","1","","com.anastasia.Anastasia_BackEnd.UnitTests.service.registration.ChurchServiceUnitTest","","com.anastasia.Anastasia_BackEnd.UnitTests.service.registration.ChurchServiceUnitTest","testCreateChurch_whenTenantIdIsMissing","testCreateChurch_whenTenantIdIsMissing()",""
"passed","Wed Oct 15 23:12:05 GMT 2025","Wed Oct 15 23:12:05 GMT 2025","43","","com.anastasia.Anastasia_BackEnd.UnitTests.service.registration.ChildServiceUnitTest","","com.anastasia.Anastasia_BackEnd.UnitTests.service.registration.ChildServiceUnitTest","testRegisterChild_throwsIfChurchNotFound","testRegisterChild_throwsIfChurchNotFound()",""
"passed","Wed Oct 15 23:12:05 GMT 2025","Wed Oct 15 23:12:05 GMT 2025","3","","com.anastasia.Anastasia_BackEnd.UnitTests.service.registration.ChurchServiceUnitTest","","com.anastasia.Anastasia_BackEnd.UnitTests.service.registration.ChurchServiceUnitTest","testCreateChurch_withValidTenantContext","testCreateChurch_withValidTenantContext()",""
"passed","Wed Oct 15 23:12:04 GMT 2025","Wed Oct 15 23:12:04 GMT 2025","3","","com.anastasia.Anastasia_BackEnd.UnitTests.specification.MemberSpecificationTest","","com.anastasia.Anastasia_BackEnd.UnitTests.specification.MemberSpecificationTest","testIsDeacon","testIsDeacon()",""
"passed","Wed Oct 15 23:12:04 GMT 2025","Wed Oct 15 23:12:04 GMT 2025","4","","com.anastasia.Anastasia_BackEnd.UnitTests.service.auth.UserServiceUnitTest","","com.anastasia.Anastasia_BackEnd.UnitTests.service.auth.UserServiceUnitTest","testFindAllUsers","testFindAllUsers()",""
"passed","Wed Oct 15 23:12:05 GMT 2025","Wed Oct 15 23:12:05 GMT 2025","1","","com.anastasia.Anastasia_BackEnd.UnitTests.service.registration.ChurchServiceUnitTest","","com.anastasia.Anastasia_BackEnd.UnitTests.service.registration.ChurchServiceUnitTest","testUpdateChurch_whenExists","testUpdateChurch_whenExists()",""
"passed","Wed Oct 15 23:12:04 GMT 2025","Wed Oct 15 23:12:04 GMT 2025","2","","com.anastasia.Anastasia_BackEnd.UnitTests.mappers.ChildMapperUnitTest","","com.anastasia.Anastasia_BackEnd.UnitTests.mappers.ChildMapperUnitTest","testConvertToDTO_withNullEntity_shouldReturnNull","testConvertToDTO_withNullEntity_shouldReturnNull()",""
"passed","Wed Oct 15 23:12:05 GMT 2025","Wed Oct 15 23:12:05 GMT 2025","2","","com.anastasia.Anastasia_BackEnd.UnitTests.service.GroupServiceUnitTest","","com.anastasia.Anastasia_BackEnd.UnitTests.service.GroupServiceUnitTest","testDeleteGroup_success","testDeleteGroup_success()",""
"passed","Wed Oct 15 23:12:05 GMT 2025","Wed Oct 15 23:12:05 GMT 2025","2","","com.anastasia.Anastasia_BackEnd.UnitTests.service.registration.ChurchServiceUnitTest","","com.anastasia.Anastasia_BackEnd.UnitTests.service.registration.ChurchServiceUnitTest","testDeleteChurch","testDeleteChurch()",""
"passed","Wed Oct 15 23:12:05 GMT 2025","Wed Oct 15 23:12:05 GMT 2025","2","","com.anastasia.Anastasia_BackEnd.UnitTests.service.registration.TenantServiceUnitTest","","com.anastasia.Anastasia_BackEnd.UnitTests.service.registration.TenantServiceUnitTest","findTenantById_shouldReturnTenant","findTenantById_shouldReturnTenant()",""
"passed","Wed Oct 15 23:12:05 GMT 2025","Wed Oct 15 23:12:05 GMT 2025","1","","com.anastasia.Anastasia_BackEnd.UnitTests.service.registration.MemberServiceUnitTest","","com.anastasia.Anastasia_BackEnd.UnitTests.service.registration.MemberServiceUnitTest","testConvertToEntity","testConvertToEntity()",""
"passed","Wed Oct 15 23:12:05 GMT 2025","Wed Oct 15 23:12:05 GMT 2025","2","","com.anastasia.Anastasia_BackEnd.UnitTests.service.registration.ChildServiceUnitTest","","com.anastasia.Anastasia_BackEnd.UnitTests.service.registration.ChildServiceUnitTest","testDeleteChildMembership","testDeleteChildMembership()",""
"passed","Wed Oct 15 23:12:06 GMT 2025","Wed Oct 15 23:12:06 GMT 2025","19","","com.anastasia.Anastasia_BackEnd.UnitTests.repository.UserRepositoryUnitTest","","com.anastasia.Anastasia_BackEnd.UnitTests.repository.UserRepositoryUnitTest","testFindUserUUIDsByChurchId","testFindUserUUIDsByChurchId()",""
"passed","Wed Oct 15 23:12:05 GMT 2025","Wed Oct 15 23:12:05 GMT 2025","2","","com.anastasia.Anastasia_BackEnd.UnitTests.service.registration.PriestServiceUnitTest","","com.anastasia.Anastasia_BackEnd.UnitTests.service.registration.PriestServiceUnitTest","testRegisterPriest_throwsIfBothTenantAndChurchPresent","testRegisterPriest_throwsIfBothTenantAndChurchPresent()",""
"passed","Wed Oct 15 23:12:04 GMT 2025","Wed Oct 15 23:12:04 GMT 2025","322","","com.anastasia.Anastasia_BackEnd.UnitTests.specification.ChildSpecificationsTest","","com.anastasia.Anastasia_BackEnd.UnitTests.specification.ChildSpecificationsTest","testHasGender","testHasGender()",""
"passed","Wed Oct 15 23:12:04 GMT 2025","Wed Oct 15 23:12:04 GMT 2025","2","","com.anastasia.Anastasia_BackEnd.UnitTests.specification.ChildSpecificationsTest","","com.anastasia.Anastasia_BackEnd.UnitTests.specification.ChildSpecificationsTest","testHasMembershipNumber","testHasMembershipNumber()",""
"passed","Wed Oct 15 23:12:05 GMT 2025","Wed Oct 15 23:12:05 GMT 2025","1","","com.anastasia.Anastasia_BackEnd.UnitTests.service.registration.ChurchServiceUnitTest","","com.anastasia.Anastasia_BackEnd.UnitTests.service.registration.ChurchServiceUnitTest","testExistsById","testExistsById()",""
"passed","Wed Oct 15 23:12:05 GMT 2025","Wed Oct 15 23:12:05 GMT 2025","2","","com.anastasia.Anastasia_BackEnd.UnitTests.service.GroupServiceUnitTest","","com.anastasia.Anastasia_BackEnd.UnitTests.service.GroupServiceUnitTest","testGetGroupManagers_success","testGetGroupManagers_success()",""
"passed","Wed Oct 15 23:12:04 GMT 2025","Wed Oct 15 23:12:04 GMT 2025","1","","com.anastasia.Anastasia_BackEnd.UnitTests.mappers.ChildMapperUnitTest","","com.anastasia.Anastasia_BackEnd.UnitTests.mappers.ChildMapperUnitTest","testConvertToEntity_shouldMapCorrectly","testConvertToEntity_shouldMapCorrectly()",""
"passed","Wed Oct 15 23:12:05 GMT 2025","Wed Oct 15 23:12:05 GMT 2025","6","","com.anastasia.Anastasia_BackEnd.UnitTests.service.registration.MemberServiceUnitTest","","com.anastasia.Anastasia_BackEnd.UnitTests.service.registration.MemberServiceUnitTest","testUpdateMembershipDetails","testUpdateMembershipDetails()",""
"passed","Wed Oct 15 23:12:05 GMT 2025","Wed Oct 15 23:12:05 GMT 2025","1","","com.anastasia.Anastasia_BackEnd.UnitTests.service.registration.TenantServiceUnitTest","","com.anastasia.Anastasia_BackEnd.UnitTests.service.registration.TenantServiceUnitTest","unsubscribeTenant_shouldDeactivateTenant","unsubscribeTenant_shouldDeactivateTenant()",""
"passed","Wed Oct 15 23:12:05 GMT 2025","Wed Oct 15 23:12:05 GMT 2025","2","","com.anastasia.Anastasia_BackEnd.UnitTests.service.registration.PriestServiceUnitTest","","com.anastasia.Anastasia_BackEnd.UnitTests.service.registration.PriestServiceUnitTest","testFindPriestById_found","testFindPriestById_found()",""
"passed","Wed Oct 15 23:12:04 GMT 2025","Wed Oct 15 23:12:04 GMT 2025","2","","com.anastasia.Anastasia_BackEnd.UnitTests.specification.ChildSpecificationsTest","","com.anastasia.Anastasia_BackEnd.UnitTests.specification.ChildSpecificationsTest","testAgeBetween","testAgeBetween()",""
"passed","Wed Oct 15 23:12:05 GMT 2025","Wed Oct 15 23:12:05 GMT 2025","1","","com.anastasia.Anastasia_BackEnd.UnitTests.service.registration.MemberServiceUnitTest","","com.anastasia.Anastasia_BackEnd.UnitTests.service.registration.MemberServiceUnitTest","testFindAll","testFindAll()",""
"passed","Wed Oct 15 23:12:05 GMT 2025","Wed Oct 15 23:12:05 GMT 2025","3","","com.anastasia.Anastasia_BackEnd.UnitTests.service.registration.PriestServiceUnitTest","","com.anastasia.Anastasia_BackEnd.UnitTests.service.registration.PriestServiceUnitTest","testFindPriestById_notFound","testFindPriestById_notFound()",""
"passed","Wed Oct 15 23:12:05 GMT 2025","Wed Oct 15 23:12:05 GMT 2025","2","","com.anastasia.Anastasia_BackEnd.UnitTests.service.registration.MemberServiceUnitTest","","com.anastasia.Anastasia_BackEnd.UnitTests.service.registration.MemberServiceUnitTest","testFindMemberById","testFindMemberById()",""
"passed","Wed Oct 15 23:12:05 GMT 2025","Wed Oct 15 23:12:05 GMT 2025","2","","com.anastasia.Anastasia_BackEnd.UnitTests.service.auth.UserServiceUnitTest","","com.anastasia.Anastasia_BackEnd.UnitTests.service.auth.UserServiceUnitTest","testChangePassword_mismatchNewPasswords","testChangePassword_mismatchNewPasswords()",""
"passed","Wed Oct 15 23:12:03 GMT 2025","Wed Oct 15 23:12:04 GMT 2025","321","","com.anastasia.Anastasia_BackEnd.AnastasiaBackEndApplicationTests","","com.anastasia.Anastasia_BackEnd.AnastasiaBackEndApplicationTests","contextLoads","contextLoads()",""
"passed","Wed Oct 15 23:12:04 GMT 2025","Wed Oct 15 23:12:04 GMT 2025","2","","com.anastasia.Anastasia_BackEnd.UnitTests.service.auth.UserServiceUnitTest","","com.anastasia.Anastasia_BackEnd.UnitTests.service.auth.UserServiceUnitTest","testConvertToEntity","testConvertToEntity()",""
"passed","Wed Oct 15 23:12:04 GMT 2025","Wed Oct 15 23:12:04 GMT 2025","3","","com.anastasia.Anastasia_BackEnd.UnitTests.service.auth.AuthServiceUnitTest","","com.anastasia.Anastasia_BackEnd.UnitTests.service.auth.AuthServiceUnitTest","testResendActivationEmail_ShouldThrowIfNotFound","testResendActivationEmail_ShouldThrowIfNotFound()",""
"passed","Wed Oct 15 23:12:05 GMT 2025","Wed Oct 15 23:12:05 GMT 2025","2","","com.anastasia.Anastasia_BackEnd.UnitTests.service.registration.ChurchServiceUnitTest","","com.anastasia.Anastasia_BackEnd.UnitTests.service.registration.ChurchServiceUnitTest","testCreateChurch_whenTenantNotFound","testCreateChurch_whenTenantNotFound()",""
"passed","Wed Oct 15 23:12:04 GMT 2025","Wed Oct 15 23:12:04 GMT 2025","2","","com.anastasia.Anastasia_BackEnd.UnitTests.specification.MemberSpecificationTest","","com.anastasia.Anastasia_BackEnd.UnitTests.specification.MemberSpecificationTest","testHasStatus","testHasStatus()",""
"passed","Wed Oct 15 23:12:05 GMT 2025","Wed Oct 15 23:12:05 GMT 2025","2","","com.anastasia.Anastasia_BackEnd.UnitTests.service.registration.ChildServiceUnitTest","","com.anastasia.Anastasia_BackEnd.UnitTests.service.registration.ChildServiceUnitTest","testRegisterChild_throwsIfUserNotAuthenticated","testRegisterChild_throwsIfUserNotAuthenticated()",""
"passed","Wed Oct 15 23:12:04 GMT 2025","Wed Oct 15 23:12:04 GMT 2025","21","","com.anastasia.Anastasia_BackEnd.UnitTests.specification.MemberSpecificationTest","","com.anastasia.Anastasia_BackEnd.UnitTests.specification.MemberSpecificationTest","testNameContains","testNameContains()",""
"passed","Wed Oct 15 23:11:43 GMT 2025","Wed Oct 15 23:11:48 GMT 2025","4626","","com.anastasia.Anastasia_BackEnd.api.tests.AuthTests","","com.anastasia.Anastasia_BackEnd.api.tests.AuthTests","shouldExtractTokenFromResponse","shouldExtractTokenFromResponse()","Verifies authentication token is extracted from login response."
"passed","Wed Oct 15 23:12:04 GMT 2025","Wed Oct 15 23:12:04 GMT 2025","97","","com.anastasia.Anastasia_BackEnd.UnitTests.service.auth.AuthServiceUnitTest","","com.anastasia.Anastasia_BackEnd.UnitTests.service.auth.AuthServiceUnitTest","testFindUserByEmail_ShouldReturnUser","testFindUserByEmail_ShouldReturnUser()",""
"passed","Wed Oct 15 23:12:05 GMT 2025","Wed Oct 15 23:12:05 GMT 2025","4","","com.anastasia.Anastasia_BackEnd.UnitTests.service.GroupServiceUnitTest","","com.anastasia.Anastasia_BackEnd.UnitTests.service.GroupServiceUnitTest","testUpdateGroup_success","testUpdateGroup_success()",""
"passed","Wed Oct 15 23:12:05 GMT 2025","Wed Oct 15 23:12:05 GMT 2025","1","","com.anastasia.Anastasia_BackEnd.UnitTests.service.registration.MemberServiceUnitTest","","com.anastasia.Anastasia_BackEnd.UnitTests.service.registration.MemberServiceUnitTest","testDeleteMembership","testDeleteMembership()",""
"passed","Wed Oct 15 23:12:04 GMT 2025","Wed Oct 15 23:12:04 GMT 2025","2","","com.anastasia.Anastasia_BackEnd.UnitTests.specification.ChildSpecificationsTest","","com.anastasia.Anastasia_BackEnd.UnitTests.specification.ChildSpecificationsTest","testIsDeacon","testIsDeacon()",""
"passed","Wed Oct 15 23:12:05 GMT 2025","Wed Oct 15 23:12:05 GMT 2025","2","","com.anastasia.Anastasia_BackEnd.UnitTests.service.registration.ChurchServiceUnitTest","","com.anastasia.Anastasia_BackEnd.UnitTests.service.registration.ChurchServiceUnitTest","testUpdateChurch_whenNotFound","testUpdateChurch_whenNotFound()",""
"passed","Wed Oct 15 23:12:06 GMT 2025","Wed Oct 15 23:12:06 GMT 2025","4","","com.anastasia.Anastasia_BackEnd.util.JwtUtilTest","","com.anastasia.Anastasia_BackEnd.util.JwtUtilTest","testGenerateAndValidateAccessToken","testGenerateAndValidateAccessToken()",""
"passed","Wed Oct 15 23:12:04 GMT 2025","Wed Oct 15 23:12:04 GMT 2025","2","","com.anastasia.Anastasia_BackEnd.UnitTests.service.auth.RoleServiceTest","","com.anastasia.Anastasia_BackEnd.UnitTests.service.auth.RoleServiceTest","testCreateRole_throwsIfRoleAlreadyExists","testCreateRole_throwsIfRoleAlreadyExists()",""
"passed","Wed Oct 15 23:12:04 GMT 2025","Wed Oct 15 23:12:04 GMT 2025","3","","com.anastasia.Anastasia_BackEnd.UnitTests.service.auth.AuthServiceUnitTest","","com.anastasia.Anastasia_BackEnd.UnitTests.service.auth.AuthServiceUnitTest","testRevokeAllValidUserTokens_ShouldRevokeAndSave","testRevokeAllValidUserTokens_ShouldRevokeAndSave()",""
"passed","Wed Oct 15 23:12:04 GMT 2025","Wed Oct 15 23:12:04 GMT 2025","2","","com.anastasia.Anastasia_BackEnd.UnitTests.specification.MemberSpecificationTest","","com.anastasia.Anastasia_BackEnd.UnitTests.specification.MemberSpecificationTest","testAgeBetween","testAgeBetween()",""
"passed","Wed Oct 15 23:12:05 GMT 2025","Wed Oct 15 23:12:05 GMT 2025","28","","com.anastasia.Anastasia_BackEnd.UnitTests.service.registration.TenantServiceUnitTest","","com.anastasia.Anastasia_BackEnd.UnitTests.service.registration.TenantServiceUnitTest","subscribeTenant_shouldSaveTenantAndCreateUser","subscribeTenant_shouldSaveTenantAndCreateUser()",""
"passed","Wed Oct 15 23:12:04 GMT 2025","Wed Oct 15 23:12:04 GMT 2025","106","","com.anastasia.Anastasia_BackEnd.UnitTests.service.auth.RoleServiceTest","","com.anastasia.Anastasia_BackEnd.UnitTests.service.auth.RoleServiceTest","testCreateRole_success","testCreateRole_success()",""
"passed","Wed Oct 15 23:12:05 GMT 2025","Wed Oct 15 23:12:05 GMT 2025","2","","com.anastasia.Anastasia_BackEnd.UnitTests.service.GroupServiceUnitTest","","com.anastasia.Anastasia_BackEnd.UnitTests.service.GroupServiceUnitTest","testListGroupMembers_groupNotFound_throwsException","testListGroupMembers_groupNotFound_throwsException()",""
"passed","Wed Oct 15 23:12:05 GMT 2025","Wed Oct 15 23:12:05 GMT 2025","3","","com.anastasia.Anastasia_BackEnd.UnitTests.service.auth.UserServiceUnitTest","","com.anastasia.Anastasia_BackEnd.UnitTests.service.auth.UserServiceUnitTest","testUpdateUserDetails_success","testUpdateUserDetails_success()",""
"passed","Wed Oct 15 23:12:05 GMT 2025","Wed Oct 15 23:12:05 GMT 2025","2","","com.anastasia.Anastasia_BackEnd.UnitTests.service.registration.PriestServiceUnitTest","","com.anastasia.Anastasia_BackEnd.UnitTests.service.registration.PriestServiceUnitTest","testDeletePriest","testDeletePriest()",""
"passed","Wed Oct 15 23:12:05 GMT 2025","Wed Oct 15 23:12:05 GMT 2025","2","","com.anastasia.Anastasia_BackEnd.UnitTests.service.registration.ChildServiceUnitTest","","com.anastasia.Anastasia_BackEnd.UnitTests.service.registration.ChildServiceUnitTest","testFindChildById","testFindChildById()",""
"passed","Wed Oct 15 23:12:05 GMT 2025","Wed Oct 15 23:12:05 GMT 2025","3","","com.anastasia.Anastasia_BackEnd.UnitTests.service.GroupServiceUnitTest","","com.anastasia.Anastasia_BackEnd.UnitTests.service.GroupServiceUnitTest","testRemoveMembersFromGroup_groupNotFound_throwsException","testRemoveMembersFromGroup_groupNotFound_throwsException()",""
"passed","Wed Oct 15 23:12:04 GMT 2025","Wed Oct 15 23:12:04 GMT 2025","3","","com.anastasia.Anastasia_BackEnd.UnitTests.service.auth.AuthServiceUnitTest","","com.anastasia.Anastasia_BackEnd.UnitTests.service.auth.AuthServiceUnitTest","testExists_ShouldReturnTrue","testExists_ShouldReturnTrue()",""
"passed","Wed Oct 15 23:12:06 GMT 2025","Wed Oct 15 23:12:06 GMT 2025","15","","com.anastasia.Anastasia_BackEnd.UnitTests.repository.UserRepositoryUnitTest","","com.anastasia.Anastasia_BackEnd.UnitTests.repository.UserRepositoryUnitTest","testFindAllByUuidIn","testFindAllByUuidIn()",""
"passed","Wed Oct 15 23:12:04 GMT 2025","Wed Oct 15 23:12:04 GMT 2025","5","","com.anastasia.Anastasia_BackEnd.UnitTests.service.auth.AuthServiceUnitTest","","com.anastasia.Anastasia_BackEnd.UnitTests.service.auth.AuthServiceUnitTest","testAuthenticate_ShouldThrowIfAuthFails","testAuthenticate_ShouldThrowIfAuthFails()",""
"passed","Wed Oct 15 23:12:05 GMT 2025","Wed Oct 15 23:12:05 GMT 2025","2","","com.anastasia.Anastasia_BackEnd.UnitTests.service.GroupServiceUnitTest","","com.anastasia.Anastasia_BackEnd.UnitTests.service.GroupServiceUnitTest","testFindOneGroup_notFound","testFindOneGroup_notFound()",""
"passed","Wed Oct 15 23:12:04 GMT 2025","Wed Oct 15 23:12:04 GMT 2025","1","","com.anastasia.Anastasia_BackEnd.UnitTests.specification.ChildSpecificationsTest","","com.anastasia.Anastasia_BackEnd.UnitTests.specification.ChildSpecificationsTest","testHasStatus","testHasStatus()",""
"passed","Wed Oct 15 23:12:05 GMT 2025","Wed Oct 15 23:12:05 GMT 2025","2","","com.anastasia.Anastasia_BackEnd.UnitTests.service.GroupServiceUnitTest","","com.anastasia.Anastasia_BackEnd.UnitTests.service.GroupServiceUnitTest","testExists_true","testExists_true()",""
"passed","Wed Oct 15 23:12:04 GMT 2025","Wed Oct 15 23:12:04 GMT 2025","3","","com.anastasia.Anastasia_BackEnd.UnitTests.service.auth.UserServiceUnitTest","","com.anastasia.Anastasia_BackEnd.UnitTests.service.auth.UserServiceUnitTest","testChangePassword_incorrectCurrentPassword","testChangePassword_incorrectCurrentPassword()",""
"passed","Wed Oct 15 23:12:05 GMT 2025","Wed Oct 15 23:12:05 GMT 2025","3","","com.anastasia.Anastasia_BackEnd.UnitTests.service.registration.ChildServiceUnitTest","","com.anastasia.Anastasia_BackEnd.UnitTests.service.registration.ChildServiceUnitTest","updateChildDetails_shouldNotCallSave_whenChildNotFound","updateChildDetails_shouldNotCallSave_whenChildNotFound()",""
"passed","Wed Oct 15 23:12:05 GMT 2025","Wed Oct 15 23:12:05 GMT 2025","1","","com.anastasia.Anastasia_BackEnd.UnitTests.service.registration.TenantServiceUnitTest","","com.anastasia.Anastasia_BackEnd.UnitTests.service.registration.TenantServiceUnitTest","convertTenantToDTO_shouldMapCorrectly","convertTenantToDTO_shouldMapCorrectly()",""
"passed","Wed Oct 15 23:12:05 GMT 2025","Wed Oct 15 23:12:05 GMT 2025","2","","com.anastasia.Anastasia_BackEnd.UnitTests.service.auth.UserServiceUnitTest","","com.anastasia.Anastasia_BackEnd.UnitTests.service.auth.UserServiceUnitTest","testChangePassword_success","testChangePassword_success()",""
"passed","Wed Oct 15 23:12:05 GMT 2025","Wed Oct 15 23:12:05 GMT 2025","3","","com.anastasia.Anastasia_BackEnd.UnitTests.service.registration.TenantServiceUnitTest","","com.anastasia.Anastasia_BackEnd.UnitTests.service.registration.TenantServiceUnitTest","convertTenantToEntity_shouldMapCorrectly","convertTenantToEntity_shouldMapCorrectly()",""
"passed","Wed Oct 15 23:12:06 GMT 2025","Wed Oct 15 23:12:06 GMT 2025","11","","com.anastasia.Anastasia_BackEnd.util.JwtUtilTest","","com.anastasia.Anastasia_BackEnd.util.JwtUtilTest","testTokenIsExpired","testTokenIsExpired()",""
"passed","Wed Oct 15 23:12:05 GMT 2025","Wed Oct 15 23:12:05 GMT 2025","58","","com.anastasia.Anastasia_BackEnd.UnitTests.service.registration.PriestServiceUnitTest","","com.anastasia.Anastasia_BackEnd.UnitTests.service.registration.PriestServiceUnitTest","testRegisterPriest_createsNewUserAndSavesPriest","testRegisterPriest_createsNewUserAndSavesPriest()",""
"passed","Wed Oct 15 23:12:05 GMT 2025","Wed Oct 15 23:12:05 GMT 2025","3","","com.anastasia.Anastasia_BackEnd.UnitTests.service.registration.MemberServiceUnitTest","","com.anastasia.Anastasia_BackEnd.UnitTests.service.registration.MemberServiceUnitTest","testApproveByPriest","testApproveByPriest()",""
"passed","Wed Oct 15 23:11:49 GMT 2025","Wed Oct 15 23:11:51 GMT 2025","2369","","com.anastasia.Anastasia_BackEnd.api.tests.PerformanceTests","","com.anastasia.Anastasia_BackEnd.api.tests.PerformanceTests","measureLoginPerformance","Login Endpoint Performance","Measures latency for /auth/login"
"passed","Wed Oct 15 23:12:06 GMT 2025","Wed Oct 15 23:12:06 GMT 2025","21","","com.anastasia.Anastasia_BackEnd.UnitTests.repository.UserRepositoryUnitTest","","com.anastasia.Anastasia_BackEnd.UnitTests.repository.UserRepositoryUnitTest","testFindUsersByGroupId","testFindUsersByGroupId()",""
"passed","Wed Oct 15 23:12:05 GMT 2025","Wed Oct 15 23:12:05 GMT 2025","1","","com.anastasia.Anastasia_BackEnd.UnitTests.service.GroupServiceUnitTest","","com.anastasia.Anastasia_BackEnd.UnitTests.service.GroupServiceUnitTest","testFindAll_success","testFindAll_success()",""
